ID,Geometry,Color Hex,Floors
339fe59b-36d5-4221-a975-fae58665dd5a,"{""type"":""FeatureCollection"",""features"":[{""type"":""Feature"",""id"":70,""geometry"":{""type"":""Polygon"",""coordinates"":[[[660937.5395999998,2737221.6612],[660930.8800999997,2737224.0383],[660872.142,2737196.2025000006],[660866.7199999997,2737193.6329999994],[660883.8494999995,2737157.4864000008],[660867.4859999996,2737149.7317999993],[660856.0169000002,2737144.296599999],[660850.4142000005,2737141.6415],[660848.3030000003,2737146.0966],[660846.7333000004,2737149.409],[660836.1328999996,2737171.7775999997],[660835.4256999996,2737173.2698],[660833.3221000005,2737177.8059],[660828.6129000001,2737175.5742000006],[660825.9254999999,2737174.3006999996],[660810.6929000001,2737167.0820000004],[660788.1259000003,2737156.387599999],[660781.1967000002,2737153.1039000005],[660782.1809,2737151.0271000005],[660782.4528000001,2737150.453400001],[660783.4236000003,2737148.4047999997],[660784.0230999999,2737147.1396999992],[660778.7823999999,2737144.6548999995],[660778.1824000003,2737145.921],[660775.9555000002,2737150.620100001],[660775.5939999996,2737150.4487999994],[660773.9210000001,2737149.6559999995],[660773.4255999997,2737149.4211999997],[660772.0181999998,2737148.7543],[660770.4643000001,2737148.0177999996],[660748.9022000004,2737137.7995999996],[660748.4277999997,2737132.7179000005],[660754.0314999996,2737128.6433000006],[660764.0162000004,2737122.116800001],[660774.3131999997,2737116.0952000003],[660782.017,2737112.090399999],[660784.8969999999,2737110.5932],[660794.9704,2737105.9563999996],[660805.2473999998,2737101.7905],[660818.5272000004,2737097.0139000006],[660831.9592000004,2737092.6833999995],[660861.1467000004,2737085.031199999],[660876.4287999999,2737081.7553000003],[660931.2910000002,2737071.3882999998],[661001.6332999999,2737058.0962000005],[661009.9488000004,2737068.8660000004],[660971.3709000004,2737150.2718],[660967.0883999998,2737159.3083999995],[660937.5395999998,2737221.6612]]]},""properties"":{""OBJECTID"":70,""jcb_Plot_Status"":""Active Plot"",""jcb_Heritage_Element"":""N/A"",""jcb_District"":""G1"",""jcb_District_Name"":""G1 - Gateway"",""Plot_Amalgamation_Type"":""A"",""jcb_Superplot_No"":""-"",""jcb_Plot_No"":""G1-MU-06"",""jcb_Plot_No_LU2"":""G1-MUO-04"",""jcb_OldPlot_No"":""G1-MUO-04"",""jcb_Landuse1Prefix"":""MU"",""jcb_LU1Code"":4000,""jcb_LanduseLevel1"":""Mixed Use"",""jcb_Landuse2Prefix"":""MUO"",""jcb_LU2Code"":4003,""jcb_LanduseLevel2"":""Mixed Use Office"",""jcb_LanduseLevel3"":""-"",""jcb_PlotAreaSqMt"":21158.42438039771,""jcb_FAR"":0.9550333066908643,""jcb_GFA"":20207,""jcb_Min_Coverage"":0,""jcb_Max_Coverage"":0.7,""jcb_BlgFootprintArea"":14810.897066,""jcb_MaxNumOfFloors"":1.3643332952726634,""jcb_MaxPermissibleHeight"":""20.5"",""jcb_Min_Build_to_Edge"":0.5,""jcb_Architectural_Character"":null,""jcb_BUAExcludingParking"":22227.7,""jcb_BUAOnlyParking"":16567.74,""jcb_BasementAllowance"":""Yes"",""jcb_BasementNumber"":1,""jcb_GFATownhouses"":0,""jcb_GFAVillas"":0,""jcb_GFAApartment"":0,""GFA_Housing_Complex"":0,""jcb_TotalGFAResidential"":0,""jcb_TotalUnitsResidential"":0,""jcb_ResiTownHouse2Bed"":0,""jcb_ResiTownHouse3Bed"":0,""jcb_ResiTownHouse4Bed"":0,""jcb_ResiTownHouse5Bed"":0,""jcb_ResiVilla3Bed"":0,""jcb_ResiVilla4Bed"":0,""jcb_ResiVilla5Bed"":0,""jcb_ResiVilla6Bed"":0,""jcb_ResiApartmentStudio"":0,""jcb_ResiApartment1Bed"":0,""jcb_ResiApartment2Bed"":0,""jcb_ResiApartment3Bed"":0,""jcb_ResiApartment4Bed"":0,""jcb_GFARetail"":1050.764,""jcb_GFAFnB"":464.76099999999997,""jcb_GFARetail_Complex"":0,""jcb_GFAOffice"":18691.475000000002,""jcb_GFAGasStation"":0,""jcb_GFAConferenceCentre"":0,""jcb_GFAArena"":0,""jcb_GFA_Events"":0,""jcb_GFASocialClub"":0,""jcb_GFA_MultiMedia"":0,""jcb_GFAHotel"":0,""jcb_GFAResort"":0,""jcb_GFAHSMBrandedApartment"":0,""jcb_GFATotalHSS"":0,""jcb_GFAServiced_Housing_Complex"":0,""jcb_TotalHospitalityKeys"":0,""jcb_TotalUnitsHSM"":0,""jcb_HSMBAStudio"":0,""jcb_HSMBA1Bed"":0,""jcb_HSMBA2Bed"":0,""jcb_HSMBA3Bed"":0,""jcb_HSMBA4Bed"":0,""jcb_TotalUnitsHSS"":0,""jcb_HSSVL4Bed"":0,""jcb_HSSVL5Bed"":0,""jcb_HSSVL6Bed"":0,""jcb_GFAMuseums"":0,""jcb_GFACulturalFacilities"":0,""jcb_GFASportsFacility"":0,""jcb_GFAParksNOpenSpace"":0,""jcb_GFAGovernmentFacility"":0,""jcb_GFATrafficPoliceStation"":0,""jcb_GFACivilDefence"":0,""jcb_GFAPostOffice"":0,""jcb_GFAPoliceStation"":0,""jcb_GFAControlCentre"":0,""jcb_GFARedCrecentFacility"":0,""jcb_GFAKindergarten"":0,""jcb_GFASchools"":0,""jcb_GFAHospital"":0,""jcb_GFAGovernmentHospital"":0,""jcb_GFAClinic"":0,""jcb_GFAJummaMosque"":0,""jcb_GFALocalMosque"":0,""jcb_GFAPrayerRoom"":0,""jcb_TotalPopulationResidential"":0,""jcb_TotalPopulationWorkers"":964.8842500000002,""jcb_TotalPopulationHotelGuests"":0,""jcb_TotalPopulationStudents"":0,""jcb_TotaPopulationVisitors"":0,""jcb_TotaPopulationOthers"":90.1737375,""jcb_TotalParkingDemand"":394.47,""jcb_FinalParkingSupply"":0,""jcb_ParkingFloorSpaceProvided"":0,""jcb_ParkingOnPlotAllocation"":394.47,""jcb_NoOfSurfaceParkingProvided"":0,""jcb_NoOfBasementsParkingProvide"":394.47,""jcb_BasementParkingArea"":16567.74,""jcb_NoOfCPBasementLevels"":1,""jcb_AllowableParkingTypology"":""Basement"",""jcb_PCP_Shared_Allocated"":""-"",""jcb_CarParkName"":""NA"",""jcb_NoOfCPBays"":""NA"",""jcb_PotableWaterDemand"":72.95000000000002,""jcb_SewageLoad"":62.00749999999999,""jcb_IrrigationDemand"":28.563872913000004,""jcb_TotalPowerDemand"":4632.5685,""jcb_WasteLoad"":2424.8399999999997,""jcb_SNGasDemand"":0,""Shape_Length"":755.8276443371847,""Shape_Area"":21158.42438039771}}]}",#3357FF,1.0
509e9f7a-0f9d-4e13-b474-3b8567d3665b,"{""type"":""FeatureCollection"",""features"":[{""type"":""Feature"",""id"":76,""geometry"":{""type"":""Polygon"",""coordinates"":[[[661052.7006000001,2737188.8136],[661048.4182000002,2737197.850299999],[660985.1617,2737167.873299999],[660989.4441,2737158.8366],[661052.7006000001,2737188.8136]]]},""properties"":{""OBJECTID"":76,""jcb_Plot_Status"":""Active Plot"",""jcb_Heritage_Element"":""N/A"",""jcb_District"":""G1"",""jcb_District_Name"":""G1 - Gateway"",""Plot_Amalgamation_Type"":""A"",""jcb_Superplot_No"":""-"",""jcb_Plot_No"":""G1-OS-02"",""jcb_Plot_No_LU2"":""G1-OS3-02"",""jcb_OldPlot_No"":""G1-R-SK-02"",""jcb_Landuse1Prefix"":""OS"",""jcb_LU1Code"":11000,""jcb_LanduseLevel1"":""Parks and Open Space"",""jcb_Landuse2Prefix"":""OS3"",""jcb_LU2Code"":11003,""jcb_LanduseLevel2"":""Pedestrian Walkway"",""jcb_LanduseLevel3"":""Sikka"",""jcb_PlotAreaSqMt"":700.0035182928709,""jcb_FAR"":0,""jcb_GFA"":0,""jcb_Min_Coverage"":0,""jcb_Max_Coverage"":0,""jcb_BlgFootprintArea"":0,""jcb_MaxNumOfFloors"":0,""jcb_MaxPermissibleHeight"":""0"",""jcb_Min_Build_to_Edge"":0.5,""jcb_Architectural_Character"":null,""jcb_BUAExcludingParking"":0,""jcb_BUAOnlyParking"":0,""jcb_BasementAllowance"":""No"",""jcb_BasementNumber"":0,""jcb_GFATownhouses"":0,""jcb_GFAVillas"":0,""jcb_GFAApartment"":0,""GFA_Housing_Complex"":0,""jcb_TotalGFAResidential"":0,""jcb_TotalUnitsResidential"":0,""jcb_ResiTownHouse2Bed"":0,""jcb_ResiTownHouse3Bed"":0,""jcb_ResiTownHouse4Bed"":0,""jcb_ResiTownHouse5Bed"":0,""jcb_ResiVilla3Bed"":0,""jcb_ResiVilla4Bed"":0,""jcb_ResiVilla5Bed"":0,""jcb_ResiVilla6Bed"":0,""jcb_ResiApartmentStudio"":0,""jcb_ResiApartment1Bed"":0,""jcb_ResiApartment2Bed"":0,""jcb_ResiApartment3Bed"":0,""jcb_ResiApartment4Bed"":0,""jcb_GFARetail"":0,""jcb_GFAFnB"":0,""jcb_GFARetail_Complex"":0,""jcb_GFAOffice"":0,""jcb_GFAGasStation"":0,""jcb_GFAConferenceCentre"":0,""jcb_GFAArena"":0,""jcb_GFA_Events"":0,""jcb_GFASocialClub"":0,""jcb_GFA_MultiMedia"":0,""jcb_GFAHotel"":0,""jcb_GFAResort"":0,""jcb_GFAHSMBrandedApartment"":0,""jcb_GFATotalHSS"":0,""jcb_GFAServiced_Housing_Complex"":0,""jcb_TotalHospitalityKeys"":0,""jcb_TotalUnitsHSM"":0,""jcb_HSMBAStudio"":0,""jcb_HSMBA1Bed"":0,""jcb_HSMBA2Bed"":0,""jcb_HSMBA3Bed"":0,""jcb_HSMBA4Bed"":0,""jcb_TotalUnitsHSS"":0,""jcb_HSSVL4Bed"":0,""jcb_HSSVL5Bed"":0,""jcb_HSSVL6Bed"":0,""jcb_GFAMuseums"":0,""jcb_GFACulturalFacilities"":0,""jcb_GFASportsFacility"":0,""jcb_GFAParksNOpenSpace"":0,""jcb_GFAGovernmentFacility"":0,""jcb_GFATrafficPoliceStation"":0,""jcb_GFACivilDefence"":0,""jcb_GFAPostOffice"":0,""jcb_GFAPoliceStation"":0,""jcb_GFAControlCentre"":0,""jcb_GFARedCrecentFacility"":0,""jcb_GFAKindergarten"":0,""jcb_GFASchools"":0,""jcb_GFAHospital"":0,""jcb_GFAGovernmentHospital"":0,""jcb_GFAClinic"":0,""jcb_GFAJummaMosque"":0,""jcb_GFALocalMosque"":0,""jcb_GFAPrayerRoom"":0,""jcb_TotalPopulationResidential"":0,""jcb_TotalPopulationWorkers"":0,""jcb_TotalPopulationHotelGuests"":0,""jcb_TotalPopulationStudents"":0,""jcb_TotaPopulationVisitors"":0,""jcb_TotaPopulationOthers"":0,""jcb_TotalParkingDemand"":0,""jcb_FinalParkingSupply"":0,""jcb_ParkingFloorSpaceProvided"":0,""jcb_ParkingOnPlotAllocation"":0,""jcb_NoOfSurfaceParkingProvided"":0,""jcb_NoOfBasementsParkingProvide"":0,""jcb_BasementParkingArea"":0,""jcb_NoOfCPBasementLevels"":0,""jcb_AllowableParkingTypology"":""No Parking"",""jcb_PCP_Shared_Allocated"":""-"",""jcb_CarParkName"":""NA"",""jcb_NoOfCPBays"":""NA"",""jcb_PotableWaterDemand"":0.3150015831,""jcb_SewageLoad"":0.26775134563499997,""jcb_IrrigationDemand"":8.400042216,""jcb_TotalPowerDemand"":14.112070922880001,""jcb_WasteLoad"":0,""jcb_SNGasDemand"":0,""Shape_Length"":160.0001656811782,""Shape_Area"":700.0035182928709}}]}",#FF5733,1.5
29460ce9-3d5f-4b1b-a7c8-83c181e8ceec,"{""type"":""FeatureCollection"",""features"":[{""type"":""Feature"",""id"":79,""geometry"":{""type"":""Polygon"",""coordinates"":[[[661048.4182000002,2737197.850299999],[661018.8694000002,2737260.2030999996],[661012.2099000001,2737262.5801999997],[660957.9900000002,2737236.8856000006],[660955.6129000001,2737230.2260999996],[660985.1617,2737167.873299999],[661048.4182000002,2737197.850299999]]]},""properties"":{""OBJECTID"":79,""jcb_Plot_Status"":""Active Plot"",""jcb_Heritage_Element"":""N/A"",""jcb_District"":""G1"",""jcb_District_Name"":""G1 - Gateway"",""Plot_Amalgamation_Type"":""A"",""jcb_Superplot_No"":""-"",""jcb_Plot_No"":""G1-MU-01"",""jcb_Plot_No_LU2"":""G1-MU1-01"",""jcb_OldPlot_No"":""G1-MUR-01"",""jcb_Landuse1Prefix"":""MU"",""jcb_LU1Code"":4000,""jcb_LanduseLevel1"":""Mixed Use"",""jcb_Landuse2Prefix"":""MU1"",""jcb_LU2Code"":4001,""jcb_LanduseLevel2"":""Mixed Use Multi Family"",""jcb_LanduseLevel3"":""Apartment"",""jcb_PlotAreaSqMt"":5155.003094887558,""jcb_FAR"":1.6999999999629192,""jcb_GFA"":8763.505261308848,""jcb_Min_Coverage"":0,""jcb_Max_Coverage"":0.7,""jcb_BlgFootprintArea"":3608.5021665,""jcb_MaxNumOfFloors"":2.428571428518456,""jcb_MaxPermissibleHeight"":""20.5"",""jcb_Min_Build_to_Edge"":0.5,""jcb_Architectural_Character"":null,""jcb_BUAExcludingParking"":9639.855787439734,""jcb_BUAOnlyParking"":4639.5027855,""jcb_BasementAllowance"":""No"",""jcb_BasementNumber"":1,""jcb_GFATownhouses"":0,""jcb_GFAVillas"":0,""jcb_GFAApartment"":8150.059893017229,""GFA_Housing_Complex"":0,""jcb_TotalGFAResidential"":8150.059893017229,""jcb_TotalUnitsResidential"":81,""jcb_ResiTownHouse2Bed"":0,""jcb_ResiTownHouse3Bed"":0,""jcb_ResiTownHouse4Bed"":0,""jcb_ResiTownHouse5Bed"":0,""jcb_ResiVilla3Bed"":0,""jcb_ResiVilla4Bed"":0,""jcb_ResiVilla5Bed"":0,""jcb_ResiVilla6Bed"":0,""jcb_ResiApartmentStudio"":14.58,""jcb_ResiApartment1Bed"":28.349999999999998,""jcb_ResiApartment2Bed"":28.349999999999998,""jcb_ResiApartment3Bed"":8.1,""jcb_ResiApartment4Bed"":1.62,""jcb_GFARetail"":438.17526306544244,""jcb_GFAFnB"":175.27010522617698,""jcb_GFARetail_Complex"":0,""jcb_GFAOffice"":0,""jcb_GFAGasStation"":0,""jcb_GFAConferenceCentre"":0,""jcb_GFAArena"":0,""jcb_GFA_Events"":0,""jcb_GFASocialClub"":0,""jcb_GFA_MultiMedia"":0,""jcb_GFAHotel"":0,""jcb_GFAResort"":0,""jcb_GFAHSMBrandedApartment"":0,""jcb_GFATotalHSS"":0,""jcb_GFAServiced_Housing_Complex"":0,""jcb_TotalHospitalityKeys"":0,""jcb_TotalUnitsHSM"":0,""jcb_HSMBAStudio"":0,""jcb_HSMBA1Bed"":0,""jcb_HSMBA2Bed"":0,""jcb_HSMBA3Bed"":0,""jcb_HSMBA4Bed"":0,""jcb_TotalUnitsHSS"":0,""jcb_HSSVL4Bed"":0,""jcb_HSSVL5Bed"":0,""jcb_HSSVL6Bed"":0,""jcb_GFAMuseums"":0,""jcb_GFACulturalFacilities"":0,""jcb_GFASportsFacility"":0,""jcb_GFAParksNOpenSpace"":0,""jcb_GFAGovernmentFacility"":0,""jcb_GFATrafficPoliceStation"":0,""jcb_GFACivilDefence"":0,""jcb_GFAPostOffice"":0,""jcb_GFAPoliceStation"":0,""jcb_GFAControlCentre"":0,""jcb_GFARedCrecentFacility"":0,""jcb_GFAKindergarten"":0,""jcb_GFASchools"":0,""jcb_GFAHospital"":0,""jcb_GFAGovernmentHospital"":0,""jcb_GFAClinic"":0,""jcb_GFAJummaMosque"":0,""jcb_GFALocalMosque"":0,""jcb_GFAPrayerRoom"":0,""jcb_TotalPopulationResidential"":258.39,""jcb_TotalPopulationWorkers"":28.569027151866848,""jcb_TotalPopulationHotelGuests"":0,""jcb_TotalPopulationStudents"":0,""jcb_TotaPopulationVisitors"":0,""jcb_TotaPopulationOthers"":14.61752677586316,""jcb_TotalParkingDemand"":116.28,""jcb_FinalParkingSupply"":0,""jcb_ParkingFloorSpaceProvided"":0,""jcb_ParkingOnPlotAllocation"":116.28000000000002,""jcb_NoOfSurfaceParkingProvided"":5.815647964285735,""jcb_NoOfBasementsParkingProvide"":110.46435203571428,""jcb_BasementParkingArea"":4639.5027855,""jcb_NoOfCPBasementLevels"":1,""jcb_AllowableParkingTypology"":""Surface + Basement"",""jcb_PCP_Shared_Allocated"":""-"",""jcb_CarParkName"":""NA"",""jcb_NoOfCPBays"":""NA"",""jcb_PotableWaterDemand"":67.43,""jcb_SewageLoad"":57.31549999999999,""jcb_IrrigationDemand"":6.959254178250001,""jcb_TotalPowerDemand"":1091.4982181299972,""jcb_WasteLoad"":1051.6206313570617,""jcb_SNGasDemand"":38.4264,""Shape_Length"":282.1422398733049,""Shape_Area"":5155.003094887558}}]}",#33FF57,2.0
e5b686d9-b84f-493b-af10-28d6da7d7772,"{""type"":""FeatureCollection"",""features"":[{""type"":""Feature"",""id"":80,""geometry"":{""type"":""Polygon"",""coordinates"":[[[660833.3221000005,2737177.8059],[660835.4256999996,2737173.2698],[660836.1328999996,2737171.7775999997],[660846.7333000004,2737149.409],[660848.3030000003,2737146.0966],[660850.4142000005,2737141.6415],[660856.0169000002,2737144.296599999],[660867.4859999996,2737149.7317999993],[660883.8494999995,2737157.4864000008],[660866.7199999997,2737193.6329999994],[660838.1403000001,2737180.0891999993],[660837.8027999997,2737179.929300001],[660833.3221000005,2737177.8059]]]},""properties"":{""OBJECTID"":80,""jcb_Plot_Status"":""Active Plot"",""jcb_Heritage_Element"":""N/A"",""jcb_District"":""G1"",""jcb_District_Name"":""G1 - Gateway"",""Plot_Amalgamation_Type"":""A"",""jcb_Superplot_No"":""-"",""jcb_Plot_No"":""G1-C-01"",""jcb_Plot_No_LU2"":""G1-C6-01"",""jcb_OldPlot_No"":""G1-CRT-01"",""jcb_Landuse1Prefix"":""C"",""jcb_LU1Code"":2000,""jcb_LanduseLevel1"":""Commercial"",""jcb_Landuse2Prefix"":""C6"",""jcb_LU2Code"":2006,""jcb_LanduseLevel2"":""Retail Complex"",""jcb_LanduseLevel3"":""Neighbourhood Centre"",""jcb_PlotAreaSqMt"":1479.8861647533897,""jcb_FAR"":0.7933028436103989,""jcb_GFA"":1173.997902914188,""jcb_Min_Coverage"":0,""jcb_Max_Coverage"":0.8,""jcb_BlgFootprintArea"":1183.908932,""jcb_MaxNumOfFloors"":0.9916285545129986,""jcb_MaxPermissibleHeight"":""16.5"",""jcb_Min_Build_to_Edge"":0.5,""jcb_Architectural_Character"":null,""jcb_BUAExcludingParking"":1291.3976932056069,""jcb_BUAOnlyParking"":0,""jcb_BasementAllowance"":""No"",""jcb_BasementNumber"":0,""jcb_GFATownhouses"":0,""jcb_GFAVillas"":0,""jcb_GFAApartment"":0,""GFA_Housing_Complex"":0,""jcb_TotalGFAResidential"":0,""jcb_TotalUnitsResidential"":0,""jcb_ResiTownHouse2Bed"":0,""jcb_ResiTownHouse3Bed"":0,""jcb_ResiTownHouse4Bed"":0,""jcb_ResiTownHouse5Bed"":0,""jcb_ResiVilla3Bed"":0,""jcb_ResiVilla4Bed"":0,""jcb_ResiVilla5Bed"":0,""jcb_ResiVilla6Bed"":0,""jcb_ResiApartmentStudio"":0,""jcb_ResiApartment1Bed"":0,""jcb_ResiApartment2Bed"":0,""jcb_ResiApartment3Bed"":0,""jcb_ResiApartment4Bed"":0,""jcb_GFARetail"":0,""jcb_GFAFnB"":0,""jcb_GFARetail_Complex"":1173.997902914188,""jcb_GFAOffice"":0,""jcb_GFAGasStation"":0,""jcb_GFAConferenceCentre"":0,""jcb_GFAArena"":0,""jcb_GFA_Events"":0,""jcb_GFASocialClub"":0,""jcb_GFA_MultiMedia"":0,""jcb_GFAHotel"":0,""jcb_GFAResort"":0,""jcb_GFAHSMBrandedApartment"":0,""jcb_GFATotalHSS"":0,""jcb_GFAServiced_Housing_Complex"":0,""jcb_TotalHospitalityKeys"":0,""jcb_TotalUnitsHSM"":0,""jcb_HSMBAStudio"":0,""jcb_HSMBA1Bed"":0,""jcb_HSMBA2Bed"":0,""jcb_HSMBA3Bed"":0,""jcb_HSMBA4Bed"":0,""jcb_TotalUnitsHSS"":0,""jcb_HSSVL4Bed"":0,""jcb_HSSVL5Bed"":0,""jcb_HSSVL6Bed"":0,""jcb_GFAMuseums"":0,""jcb_GFACulturalFacilities"":0,""jcb_GFASportsFacility"":0,""jcb_GFAParksNOpenSpace"":0,""jcb_GFAGovernmentFacility"":0,""jcb_GFATrafficPoliceStation"":0,""jcb_GFACivilDefence"":0,""jcb_GFAPostOffice"":0,""jcb_GFAPoliceStation"":0,""jcb_GFAControlCentre"":0,""jcb_GFARedCrecentFacility"":0,""jcb_GFAKindergarten"":0,""jcb_GFASchools"":0,""jcb_GFAHospital"":0,""jcb_GFAGovernmentHospital"":0,""jcb_GFAClinic"":0,""jcb_GFAJummaMosque"":0,""jcb_GFALocalMosque"":0,""jcb_GFAPrayerRoom"":0,""jcb_TotalPopulationResidential"":0,""jcb_TotalPopulationWorkers"":23.47995805828376,""jcb_TotalPopulationHotelGuests"":0,""jcb_TotalPopulationStudents"":0,""jcb_TotaPopulationVisitors"":0,""jcb_TotaPopulationOthers"":26.41495281556923,""jcb_TotalParkingDemand"":8.1,""jcb_FinalParkingSupply"":0,""jcb_ParkingFloorSpaceProvided"":0,""jcb_ParkingOnPlotAllocation"":8.1,""jcb_NoOfSurfaceParkingProvided"":8.1,""jcb_NoOfBasementsParkingProvide"":0,""jcb_BasementParkingArea"":0,""jcb_NoOfCPBasementLevels"":0,""jcb_AllowableParkingTypology"":""Surface"",""jcb_PCP_Shared_Allocated"":""-"",""jcb_CarParkName"":""NA"",""jcb_NoOfCPBays"":""NA"",""jcb_PotableWaterDemand"":3.17,""jcb_SewageLoad"":2.6944999999999997,""jcb_IrrigationDemand"":2.2198292474999994,""jcb_TotalPowerDemand"":240.786,""jcb_WasteLoad"":140.87974834970257,""jcb_SNGasDemand"":96,""Shape_Length"":153.95819712916483,""Shape_Area"":1479.8861647533897}}]}",#FF33F5,2.5
aa764c2f-256a-4ae0-925a-b0951eb8ff49,"{""type"":""FeatureCollection"",""features"":[{""type"":""Feature"",""id"":88,""geometry"":{""type"":""Polygon"",""coordinates"":[[[661083.5076000001,2737123.8058],[661052.7006000001,2737188.8136],[660989.4441,2737158.8366],[661020.2511,2737093.8288000003],[661083.5076000001,2737123.8058]]]},""properties"":{""OBJECTID"":88,""jcb_Plot_Status"":""Active Plot"",""jcb_Heritage_Element"":""N/A"",""jcb_District"":""G1"",""jcb_District_Name"":""G1 - Gateway"",""Plot_Amalgamation_Type"":""A"",""jcb_Superplot_No"":""-"",""jcb_Plot_No"":""G1-MU-02"",""jcb_Plot_No_LU2"":""G1-MU1-02"",""jcb_OldPlot_No"":""G1-MUR-03"",""jcb_Landuse1Prefix"":""MU"",""jcb_LU1Code"":4000,""jcb_LanduseLevel1"":""Mixed Use"",""jcb_Landuse2Prefix"":""MU1"",""jcb_LU2Code"":4001,""jcb_LanduseLevel2"":""Mixed Use Multi Family"",""jcb_LanduseLevel3"":""Apartment"",""jcb_PlotAreaSqMt"":5035.66733969485,""jcb_FAR"":1.7000003411109694,""jcb_GFA"":8560.636195721368,""jcb_Min_Coverage"":0,""jcb_Max_Coverage"":0.7,""jcb_BlgFootprintArea"":3524.967138,""jcb_MaxNumOfFloors"":2.4285719158728134,""jcb_MaxPermissibleHeight"":""20.5"",""jcb_Min_Build_to_Edge"":0.5,""jcb_Architectural_Character"":null,""jcb_BUAExcludingParking"":9416.699815293507,""jcb_BUAOnlyParking"":4532.100606,""jcb_BasementAllowance"":""No"",""jcb_BasementNumber"":1,""jcb_GFATownhouses"":0,""jcb_GFAVillas"":0,""jcb_GFAApartment"":7961.391662020873,""GFA_Housing_Complex"":0,""jcb_TotalGFAResidential"":7961.391662020873,""jcb_TotalUnitsResidential"":79,""jcb_ResiTownHouse2Bed"":0,""jcb_ResiTownHouse3Bed"":0,""jcb_ResiTownHouse4Bed"":0,""jcb_ResiTownHouse5Bed"":0,""jcb_ResiVilla3Bed"":0,""jcb_ResiVilla4Bed"":0,""jcb_ResiVilla5Bed"":0,""jcb_ResiVilla6Bed"":0,""jcb_ResiApartmentStudio"":14.219999999999999,""jcb_ResiApartment1Bed"":27.65,""jcb_ResiApartment2Bed"":27.65,""jcb_ResiApartment3Bed"":7.9,""jcb_ResiApartment4Bed"":1.58,""jcb_GFARetail"":428.03180978606844,""jcb_GFAFnB"":171.2127239144274,""jcb_GFARetail_Complex"":0,""jcb_GFAOffice"":0,""jcb_GFAGasStation"":0,""jcb_GFAConferenceCentre"":0,""jcb_GFAArena"":0,""jcb_GFA_Events"":0,""jcb_GFASocialClub"":0,""jcb_GFA_MultiMedia"":0,""jcb_GFAHotel"":0,""jcb_GFAResort"":0,""jcb_GFAHSMBrandedApartment"":0,""jcb_GFATotalHSS"":0,""jcb_GFAServiced_Housing_Complex"":0,""jcb_TotalHospitalityKeys"":0,""jcb_TotalUnitsHSM"":0,""jcb_HSMBAStudio"":0,""jcb_HSMBA1Bed"":0,""jcb_HSMBA2Bed"":0,""jcb_HSMBA3Bed"":0,""jcb_HSMBA4Bed"":0,""jcb_TotalUnitsHSS"":0,""jcb_HSSVL4Bed"":0,""jcb_HSSVL5Bed"":0,""jcb_HSSVL6Bed"":0,""jcb_GFAMuseums"":0,""jcb_GFACulturalFacilities"":0,""jcb_GFASportsFacility"":0,""jcb_GFAParksNOpenSpace"":0,""jcb_GFAGovernmentFacility"":0,""jcb_GFATrafficPoliceStation"":0,""jcb_GFACivilDefence"":0,""jcb_GFAPostOffice"":0,""jcb_GFAPoliceStation"":0,""jcb_GFAControlCentre"":0,""jcb_GFARedCrecentFacility"":0,""jcb_GFAKindergarten"":0,""jcb_GFASchools"":0,""jcb_GFAHospital"":0,""jcb_GFAGovernmentHospital"":0,""jcb_GFAClinic"":0,""jcb_GFAJummaMosque"":0,""jcb_GFALocalMosque"":0,""jcb_GFAPrayerRoom"":0,""jcb_TotalPopulationResidential"":252.01,""jcb_TotalPopulationWorkers"":27.907673998051663,""jcb_TotalPopulationHotelGuests"":0,""jcb_TotalPopulationStudents"":0,""jcb_TotaPopulationVisitors"":0,""jcb_TotaPopulationOthers"":14.279141174463243,""jcb_TotalParkingDemand"":112.77,""jcb_FinalParkingSupply"":0,""jcb_ParkingFloorSpaceProvided"":0,""jcb_ParkingOnPlotAllocation"":112.77,""jcb_NoOfSurfaceParkingProvided"":4.86284271428573,""jcb_NoOfBasementsParkingProvide"":107.90715728571429,""jcb_BasementParkingArea"":4532.100606,""jcb_NoOfCPBasementLevels"":1,""jcb_AllowableParkingTypology"":""Surface + Basement"",""jcb_PCP_Shared_Allocated"":""-"",""jcb_CarParkName"":""NA"",""jcb_NoOfCPBays"":""NA"",""jcb_PotableWaterDemand"":65.8,""jcb_SewageLoad"":55.92999999999999,""jcb_IrrigationDemand"":6.798150909000001,""jcb_TotalPowerDemand"":1067.6463423367236,""jcb_WasteLoad"":1027.2763434865642,""jcb_SNGasDemand"":37.4776,""Shape_Length"":283.87620760093137,""Shape_Area"":5035.66733969485}}]}",#33F5FF,3.0
fded786d-bef1-4151-87c5-51b6c20e3d92,"{""type"":""FeatureCollection"",""features"":[{""type"":""Feature"",""id"":97,""geometry"":{""type"":""Polygon"",""coordinates"":[[[660775.9555000002,2737150.620100001],[660778.1824000003,2737145.921],[660778.7823999999,2737144.6548999995],[660784.0230999999,2737147.1396999992],[660783.4236000003,2737148.4047999997],[660782.4528000001,2737150.453400001],[660782.1809,2737151.0271000005],[660781.1967000002,2737153.1039000005],[660778.5761000002,2737151.8619999997],[660777.8128000004,2737151.5002999995],[660775.9555000002,2737150.620100001]]]},""properties"":{""OBJECTID"":97,""jcb_Plot_Status"":""Active Plot"",""jcb_Heritage_Element"":""N/A"",""jcb_District"":""G1"",""jcb_District_Name"":""G1 - Gateway"",""Plot_Amalgamation_Type"":""A"",""jcb_Superplot_No"":""-"",""jcb_Plot_No"":""G1-PU-02"",""jcb_Plot_No_LU2"":""G1-PU1-02"",""jcb_OldPlot_No"":""G1-PU-03"",""jcb_Landuse1Prefix"":""PU"",""jcb_LU1Code"":14000,""jcb_LanduseLevel1"":""Public Utilities"",""jcb_Landuse2Prefix"":""PU1"",""jcb_LU2Code"":14001,""jcb_LanduseLevel2"":""Power"",""jcb_LanduseLevel3"":""Distribution Substation"",""jcb_PlotAreaSqMt"":38.283085352095746,""jcb_FAR"":0,""jcb_GFA"":0,""jcb_Min_Coverage"":0,""jcb_Max_Coverage"":0,""jcb_BlgFootprintArea"":0,""jcb_MaxNumOfFloors"":0,""jcb_MaxPermissibleHeight"":""12"",""jcb_Min_Build_to_Edge"":0,""jcb_Architectural_Character"":null,""jcb_BUAExcludingParking"":0,""jcb_BUAOnlyParking"":0,""jcb_BasementAllowance"":""No"",""jcb_BasementNumber"":0,""jcb_GFATownhouses"":0,""jcb_GFAVillas"":0,""jcb_GFAApartment"":0,""GFA_Housing_Complex"":0,""jcb_TotalGFAResidential"":0,""jcb_TotalUnitsResidential"":0,""jcb_ResiTownHouse2Bed"":0,""jcb_ResiTownHouse3Bed"":0,""jcb_ResiTownHouse4Bed"":0,""jcb_ResiTownHouse5Bed"":0,""jcb_ResiVilla3Bed"":0,""jcb_ResiVilla4Bed"":0,""jcb_ResiVilla5Bed"":0,""jcb_ResiVilla6Bed"":0,""jcb_ResiApartmentStudio"":0,""jcb_ResiApartment1Bed"":0,""jcb_ResiApartment2Bed"":0,""jcb_ResiApartment3Bed"":0,""jcb_ResiApartment4Bed"":0,""jcb_GFARetail"":0,""jcb_GFAFnB"":0,""jcb_GFARetail_Complex"":0,""jcb_GFAOffice"":0,""jcb_GFAGasStation"":0,""jcb_GFAConferenceCentre"":0,""jcb_GFAArena"":0,""jcb_GFA_Events"":0,""jcb_GFASocialClub"":0,""jcb_GFA_MultiMedia"":0,""jcb_GFAHotel"":0,""jcb_GFAResort"":0,""jcb_GFAHSMBrandedApartment"":0,""jcb_GFATotalHSS"":0,""jcb_GFAServiced_Housing_Complex"":0,""jcb_TotalHospitalityKeys"":0,""jcb_TotalUnitsHSM"":0,""jcb_HSMBAStudio"":0,""jcb_HSMBA1Bed"":0,""jcb_HSMBA2Bed"":0,""jcb_HSMBA3Bed"":0,""jcb_HSMBA4Bed"":0,""jcb_TotalUnitsHSS"":0,""jcb_HSSVL4Bed"":0,""jcb_HSSVL5Bed"":0,""jcb_HSSVL6Bed"":0,""jcb_GFAMuseums"":0,""jcb_GFACulturalFacilities"":0,""jcb_GFASportsFacility"":0,""jcb_GFAParksNOpenSpace"":0,""jcb_GFAGovernmentFacility"":0,""jcb_GFATrafficPoliceStation"":0,""jcb_GFACivilDefence"":0,""jcb_GFAPostOffice"":0,""jcb_GFAPoliceStation"":0,""jcb_GFAControlCentre"":0,""jcb_GFARedCrecentFacility"":0,""jcb_GFAKindergarten"":0,""jcb_GFASchools"":0,""jcb_GFAHospital"":0,""jcb_GFAGovernmentHospital"":0,""jcb_GFAClinic"":0,""jcb_GFAJummaMosque"":0,""jcb_GFALocalMosque"":0,""jcb_GFAPrayerRoom"":0,""jcb_TotalPopulationResidential"":0,""jcb_TotalPopulationWorkers"":0,""jcb_TotalPopulationHotelGuests"":0,""jcb_TotalPopulationStudents"":0,""jcb_TotaPopulationVisitors"":0,""jcb_TotaPopulationOthers"":0,""jcb_TotalParkingDemand"":0,""jcb_FinalParkingSupply"":0,""jcb_ParkingFloorSpaceProvided"":0,""jcb_ParkingOnPlotAllocation"":0,""jcb_NoOfSurfaceParkingProvided"":0,""jcb_NoOfBasementsParkingProvide"":0,""jcb_BasementParkingArea"":0,""jcb_NoOfCPBasementLevels"":0,""jcb_AllowableParkingTypology"":""No Parking"",""jcb_PCP_Shared_Allocated"":""-"",""jcb_CarParkName"":""NA"",""jcb_NoOfCPBays"":""NA"",""jcb_PotableWaterDemand"":0,""jcb_SewageLoad"":0,""jcb_IrrigationDemand"":0,""jcb_TotalPowerDemand"":6.270769323000001,""jcb_WasteLoad"":0,""jcb_SNGasDemand"":0,""Shape_Length"":24.80103085784285,""Shape_Area"":38.283085352095746}}]}",#F5FF33,3.5
730bbeb6-2dec-400d-98d0-fa3cba4c815f,"{""type"":""FeatureCollection"",""features"":[{""type"":""Feature"",""id"":106,""geometry"":{""type"":""Polygon"",""coordinates"":[[[660841.4345000004,2737069.1966999993],[660831.7977,2737071.8695],[660814.869,2737077.1411000006],[660798.165,2737083.0866],[660784.9212999996,2737088.523499999],[660771.9972000001,2737094.6819],[660759.4321999997,2737101.5431999993],[660747.2643999998,2737109.0864000004],[660735.5307,2737117.2885999996],[660728.2006999999,2737123.038899999],[660719.7484999998,2737123.9837999996],[660679.7937000003,2737105.0493],[660678.9630000005,2737099.5315000005],[660686.8294000002,2737092.3287000004],[660698.9035,2737082.3472000007],[660711.4670000002,2737072.9889],[660724.4875999996,2737064.277899999],[660737.932,2737056.2365000006],[660751.7659,2737048.8851999994],[660765.9538000003,2737042.242799999],[660780.4594,2737036.3264000006],[660793.1797000002,2737031.7084],[660806.0220999997,2737027.4417000003],[660818.9769000001,2737023.5293000005],[660828.6167000001,2737020.8675999995],[660841.4345000004,2737069.1966999993]]]},""properties"":{""OBJECTID"":106,""jcb_Plot_Status"":""Active Plot"",""jcb_Heritage_Element"":""N/A"",""jcb_District"":""G1"",""jcb_District_Name"":""G1 - Gateway"",""Plot_Amalgamation_Type"":""A"",""jcb_Superplot_No"":""-"",""jcb_Plot_No"":""G1-MU-03"",""jcb_Plot_No_LU2"":""G1-MUO-01"",""jcb_OldPlot_No"":""G1-MUO-01"",""jcb_Landuse1Prefix"":""MU"",""jcb_LU1Code"":4000,""jcb_LanduseLevel1"":""Mixed Use"",""jcb_Landuse2Prefix"":""MUO"",""jcb_LU2Code"":4003,""jcb_LanduseLevel2"":""Mixed Use Office"",""jcb_LanduseLevel3"":""-"",""jcb_PlotAreaSqMt"":7660.9976783256525,""jcb_FAR"":1.3210543764331284,""jcb_GFA"":10120.594510365934,""jcb_Min_Coverage"":0,""jcb_Max_Coverage"":0.7,""jcb_BlgFootprintArea"":5362.6983746,""jcb_MaxNumOfFloors"":1.887220537761612,""jcb_MaxPermissibleHeight"":""15.5"",""jcb_Min_Build_to_Edge"":0.5,""jcb_Architectural_Character"":null,""jcb_BUAExcludingParking"":11132.653961402528,""jcb_BUAOnlyParking"":8300.88,""jcb_BasementAllowance"":""Yes"",""jcb_BasementNumber"":2,""jcb_GFATownhouses"":0,""jcb_GFAVillas"":0,""jcb_GFAApartment"":0,""GFA_Housing_Complex"":0,""jcb_TotalGFAResidential"":0,""jcb_TotalUnitsResidential"":0,""jcb_ResiTownHouse2Bed"":0,""jcb_ResiTownHouse3Bed"":0,""jcb_ResiTownHouse4Bed"":0,""jcb_ResiTownHouse5Bed"":0,""jcb_ResiVilla3Bed"":0,""jcb_ResiVilla4Bed"":0,""jcb_ResiVilla5Bed"":0,""jcb_ResiVilla6Bed"":0,""jcb_ResiApartmentStudio"":0,""jcb_ResiApartment1Bed"":0,""jcb_ResiApartment2Bed"":0,""jcb_ResiApartment3Bed"":0,""jcb_ResiApartment4Bed"":0,""jcb_GFARetail"":526.2709145390286,""jcb_GFAFnB"":232.77367373841648,""jcb_GFARetail_Complex"":0,""jcb_GFAOffice"":9361.54992208849,""jcb_GFAGasStation"":0,""jcb_GFAConferenceCentre"":0,""jcb_GFAArena"":0,""jcb_GFA_Events"":0,""jcb_GFASocialClub"":0,""jcb_GFA_MultiMedia"":0,""jcb_GFAHotel"":0,""jcb_GFAResort"":0,""jcb_GFAHSMBrandedApartment"":0,""jcb_GFATotalHSS"":0,""jcb_GFAServiced_Housing_Complex"":0,""jcb_TotalHospitalityKeys"":0,""jcb_TotalUnitsHSM"":0,""jcb_HSMBAStudio"":0,""jcb_HSMBA1Bed"":0,""jcb_HSMBA2Bed"":0,""jcb_HSMBA3Bed"":0,""jcb_HSMBA4Bed"":0,""jcb_TotalUnitsHSS"":0,""jcb_HSSVL4Bed"":0,""jcb_HSSVL5Bed"":0,""jcb_HSSVL6Bed"":0,""jcb_GFAMuseums"":0,""jcb_GFACulturalFacilities"":0,""jcb_GFASportsFacility"":0,""jcb_GFAParksNOpenSpace"":0,""jcb_GFAGovernmentFacility"":0,""jcb_GFATrafficPoliceStation"":0,""jcb_GFACivilDefence"":0,""jcb_GFAPostOffice"":0,""jcb_GFAPoliceStation"":0,""jcb_GFAControlCentre"":0,""jcb_GFARedCrecentFacility"":0,""jcb_GFAKindergarten"":0,""jcb_GFASchools"":0,""jcb_GFAHospital"":0,""jcb_GFAGovernmentHospital"":0,""jcb_GFAClinic"":0,""jcb_GFAJummaMosque"":0,""jcb_GFALocalMosque"":0,""jcb_GFAPrayerRoom"":0,""jcb_TotalPopulationResidential"":0,""jcb_TotalPopulationWorkers"":483.25838786997343,""jcb_TotalPopulationHotelGuests"":0,""jcb_TotalPopulationStudents"":0,""jcb_TotaPopulationVisitors"":0,""jcb_TotaPopulationOthers"":45.16315300250798,""jcb_TotalParkingDemand"":197.64,""jcb_FinalParkingSupply"":0,""jcb_ParkingFloorSpaceProvided"":0,""jcb_ParkingOnPlotAllocation"":197.64,""jcb_NoOfSurfaceParkingProvided"":0,""jcb_NoOfBasementsParkingProvide"":197.64,""jcb_BasementParkingArea"":8300.88,""jcb_NoOfCPBasementLevels"":2,""jcb_AllowableParkingTypology"":""Basement"",""jcb_PCP_Shared_Allocated"":""-"",""jcb_CarParkName"":""NA"",""jcb_NoOfCPBays"":""NA"",""jcb_PotableWaterDemand"":36.510000000000005,""jcb_SewageLoad"":31.033499999999997,""jcb_IrrigationDemand"":10.3423468653,""jcb_TotalPowerDemand"":3212.9265,""jcb_WasteLoad"":1214.471341243912,""jcb_SNGasDemand"":0,""Shape_Length"":405.58344918862065,""Shape_Area"":7660.9976783256525}}]}",#FF8333,4.0
b062033a-fa34-4dd5-92d1-49d098f8bcc8,"{""type"":""FeatureCollection"",""features"":[{""type"":""Feature"",""id"":107,""geometry"":{""type"":""Polygon"",""coordinates"":[[[661011.7199999997,2737035.8362000007],[661001.8938999996,2737037.693],[660981.6860999996,2737041.511499999],[660971.8600000003,2737043.3683],[660872.7153000003,2737062.103],[660862.2323000003,2737064.215399999],[660851.8032999998,2737066.5803999994],[660841.4345000004,2737069.1966999993],[660828.6167000001,2737020.8675999995],[660840.1569999997,2737017.9557000007],[660851.7642000001,2737015.3235],[660863.4316999996,2737012.9725],[660962.5761000002,2736994.2378000002],[660972.4022000004,2736992.380999999],[660992.6098999996,2736988.5625],[661002.4359999998,2736986.7057000007],[661011.7199999997,2737035.8362000007]]]},""properties"":{""OBJECTID"":107,""jcb_Plot_Status"":""Active Plot"",""jcb_Heritage_Element"":""N/A"",""jcb_District"":""G1"",""jcb_District_Name"":""G1 - Gateway"",""Plot_Amalgamation_Type"":""A"",""jcb_Superplot_No"":""-"",""jcb_Plot_No"":""G1-MU-04"",""jcb_Plot_No_LU2"":""G1-MUO-02"",""jcb_OldPlot_No"":""G1-MUO-02"",""jcb_Landuse1Prefix"":""MU"",""jcb_LU1Code"":4000,""jcb_LanduseLevel1"":""Mixed Use"",""jcb_Landuse2Prefix"":""MUO"",""jcb_LU2Code"":4003,""jcb_LanduseLevel2"":""Mixed Use Office"",""jcb_LanduseLevel3"":""-"",""jcb_PlotAreaSqMt"":8767.77230480346,""jcb_FAR"":1.3373189242730483,""jcb_GFA"":11725.307827193627,""jcb_Min_Coverage"":0,""jcb_Max_Coverage"":0.7,""jcb_BlgFootprintArea"":6137.4406135,""jcb_MaxNumOfFloors"":1.910455606104355,""jcb_MaxPermissibleHeight"":""30.5"",""jcb_Min_Build_to_Edge"":0.5,""jcb_Architectural_Character"":null,""jcb_BUAExcludingParking"":12897.83860991299,""jcb_BUAOnlyParking"":9627.66,""jcb_BasementAllowance"":""Yes"",""jcb_BasementNumber"":2,""jcb_GFATownhouses"":0,""jcb_GFAVillas"":0,""jcb_GFAApartment"":0,""GFA_Housing_Complex"":0,""jcb_TotalGFAResidential"":0,""jcb_TotalUnitsResidential"":0,""jcb_ResiTownHouse2Bed"":0,""jcb_ResiTownHouse3Bed"":0,""jcb_ResiTownHouse4Bed"":0,""jcb_ResiTownHouse5Bed"":0,""jcb_ResiVilla3Bed"":0,""jcb_ResiVilla4Bed"":0,""jcb_ResiVilla5Bed"":0,""jcb_ResiVilla6Bed"":0,""jcb_ResiApartmentStudio"":0,""jcb_ResiApartment1Bed"":0,""jcb_ResiApartment2Bed"":0,""jcb_ResiApartment3Bed"":0,""jcb_ResiApartment4Bed"":0,""jcb_GFARetail"":609.7160070140685,""jcb_GFAFnB"":269.6820800254534,""jcb_GFARetail_Complex"":0,""jcb_GFAOffice"":10845.909740154106,""jcb_GFAGasStation"":0,""jcb_GFAConferenceCentre"":0,""jcb_GFAArena"":0,""jcb_GFA_Events"":0,""jcb_GFASocialClub"":0,""jcb_GFA_MultiMedia"":0,""jcb_GFAHotel"":0,""jcb_GFAResort"":0,""jcb_GFAHSMBrandedApartment"":0,""jcb_GFATotalHSS"":0,""jcb_GFAServiced_Housing_Complex"":0,""jcb_TotalHospitalityKeys"":0,""jcb_TotalUnitsHSM"":0,""jcb_HSMBAStudio"":0,""jcb_HSMBA1Bed"":0,""jcb_HSMBA2Bed"":0,""jcb_HSMBA3Bed"":0,""jcb_HSMBA4Bed"":0,""jcb_TotalUnitsHSS"":0,""jcb_HSSVL4Bed"":0,""jcb_HSSVL5Bed"":0,""jcb_HSSVL6Bed"":0,""jcb_GFAMuseums"":0,""jcb_GFACulturalFacilities"":0,""jcb_GFASportsFacility"":0,""jcb_GFAParksNOpenSpace"":0,""jcb_GFAGovernmentFacility"":0,""jcb_GFATrafficPoliceStation"":0,""jcb_GFACivilDefence"":0,""jcb_GFAPostOffice"":0,""jcb_GFAPoliceStation"":0,""jcb_GFAControlCentre"":0,""jcb_GFARedCrecentFacility"":0,""jcb_GFAKindergarten"":0,""jcb_GFASchools"":0,""jcb_GFAHospital"":0,""jcb_GFAGovernmentHospital"":0,""jcb_GFAClinic"":0,""jcb_GFAJummaMosque"":0,""jcb_GFALocalMosque"":0,""jcb_GFAPrayerRoom"":0,""jcb_TotalPopulationResidential"":0,""jcb_TotalPopulationWorkers"":559.8834487484958,""jcb_TotalPopulationHotelGuests"":0,""jcb_TotalPopulationStudents"":0,""jcb_TotaPopulationVisitors"":0,""jcb_TotaPopulationOthers"":52.32418617885156,""jcb_TotalParkingDemand"":229.23000000000002,""jcb_FinalParkingSupply"":0,""jcb_ParkingFloorSpaceProvided"":0,""jcb_ParkingOnPlotAllocation"":229.23000000000002,""jcb_NoOfSurfaceParkingProvided"":0,""jcb_NoOfBasementsParkingProvide"":229.23000000000002,""jcb_BasementParkingArea"":9627.66,""jcb_NoOfCPBasementLevels"":2,""jcb_AllowableParkingTypology"":""Basement"",""jcb_PCP_Shared_Allocated"":""-"",""jcb_CarParkName"":""NA"",""jcb_NoOfCPBays"":""NA"",""jcb_PotableWaterDemand"":42.32,""jcb_SewageLoad"":35.972,""jcb_IrrigationDemand"":11.836492611750002,""jcb_TotalPowerDemand"":3656.7825000000003,""jcb_WasteLoad"":1407.0369392632351,""jcb_SNGasDemand"":0,""Shape_Length"":450.71612186101197,""Shape_Area"":8767.77230480346}}]}",#8333FF,4.5
c948d216-3e06-47cb-be7c-95af1defb722,"{""type"":""FeatureCollection"",""features"":[{""type"":""Feature"",""id"":171,""geometry"":{""type"":""Polygon"",""coordinates"":[[[661044.8598999996,2737050.1604999993],[661085.5247999998,2737069.431399999],[661066.2538000001,2737110.0963000003],[661022.3923000004,2737089.3104999997],[661039.5220999997,2737053.163899999],[661043.2710999995,2737050.364600001],[661044.8598999996,2737050.1604999993]]]},""properties"":{""OBJECTID"":171,""jcb_Plot_Status"":""Active Plot"",""jcb_Heritage_Element"":""N/A"",""jcb_District"":""G1"",""jcb_District_Name"":""G1 - Gateway"",""Plot_Amalgamation_Type"":""A"",""jcb_Superplot_No"":""-"",""jcb_Plot_No"":""G1-PU-03"",""jcb_Plot_No_LU2"":""G1-PU1-03"",""jcb_OldPlot_No"":""G1-PU-02"",""jcb_Landuse1Prefix"":""PU"",""jcb_LU1Code"":14000,""jcb_LanduseLevel1"":""Public Utilities"",""jcb_Landuse2Prefix"":""PU1"",""jcb_LU2Code"":14001,""jcb_LanduseLevel2"":""Power"",""jcb_LanduseLevel3"":""HV Tunnel Shafts"",""jcb_PlotAreaSqMt"":2177.18320406576,""jcb_FAR"":0,""jcb_GFA"":0,""jcb_Min_Coverage"":0,""jcb_Max_Coverage"":0,""jcb_BlgFootprintArea"":0,""jcb_MaxNumOfFloors"":0,""jcb_MaxPermissibleHeight"":""As per design"",""jcb_Min_Build_to_Edge"":0,""jcb_Architectural_Character"":null,""jcb_BUAExcludingParking"":0,""jcb_BUAOnlyParking"":0,""jcb_BasementAllowance"":""No"",""jcb_BasementNumber"":0,""jcb_GFATownhouses"":0,""jcb_GFAVillas"":0,""jcb_GFAApartment"":0,""GFA_Housing_Complex"":0,""jcb_TotalGFAResidential"":0,""jcb_TotalUnitsResidential"":0,""jcb_ResiTownHouse2Bed"":0,""jcb_ResiTownHouse3Bed"":0,""jcb_ResiTownHouse4Bed"":0,""jcb_ResiTownHouse5Bed"":0,""jcb_ResiVilla3Bed"":0,""jcb_ResiVilla4Bed"":0,""jcb_ResiVilla5Bed"":0,""jcb_ResiVilla6Bed"":0,""jcb_ResiApartmentStudio"":0,""jcb_ResiApartment1Bed"":0,""jcb_ResiApartment2Bed"":0,""jcb_ResiApartment3Bed"":0,""jcb_ResiApartment4Bed"":0,""jcb_GFARetail"":0,""jcb_GFAFnB"":0,""jcb_GFARetail_Complex"":0,""jcb_GFAOffice"":0,""jcb_GFAGasStation"":0,""jcb_GFAConferenceCentre"":0,""jcb_GFAArena"":0,""jcb_GFA_Events"":0,""jcb_GFASocialClub"":0,""jcb_GFA_MultiMedia"":0,""jcb_GFAHotel"":0,""jcb_GFAResort"":0,""jcb_GFAHSMBrandedApartment"":0,""jcb_GFATotalHSS"":0,""jcb_GFAServiced_Housing_Complex"":0,""jcb_TotalHospitalityKeys"":0,""jcb_TotalUnitsHSM"":0,""jcb_HSMBAStudio"":0,""jcb_HSMBA1Bed"":0,""jcb_HSMBA2Bed"":0,""jcb_HSMBA3Bed"":0,""jcb_HSMBA4Bed"":0,""jcb_TotalUnitsHSS"":0,""jcb_HSSVL4Bed"":0,""jcb_HSSVL5Bed"":0,""jcb_HSSVL6Bed"":0,""jcb_GFAMuseums"":0,""jcb_GFACulturalFacilities"":0,""jcb_GFASportsFacility"":0,""jcb_GFAParksNOpenSpace"":0,""jcb_GFAGovernmentFacility"":0,""jcb_GFATrafficPoliceStation"":0,""jcb_GFACivilDefence"":0,""jcb_GFAPostOffice"":0,""jcb_GFAPoliceStation"":0,""jcb_GFAControlCentre"":0,""jcb_GFARedCrecentFacility"":0,""jcb_GFAKindergarten"":0,""jcb_GFASchools"":0,""jcb_GFAHospital"":0,""jcb_GFAGovernmentHospital"":0,""jcb_GFAClinic"":0,""jcb_GFAJummaMosque"":0,""jcb_GFALocalMosque"":0,""jcb_GFAPrayerRoom"":0,""jcb_TotalPopulationResidential"":0,""jcb_TotalPopulationWorkers"":0,""jcb_TotalPopulationHotelGuests"":0,""jcb_TotalPopulationStudents"":0,""jcb_TotaPopulationVisitors"":0,""jcb_TotaPopulationOthers"":0,""jcb_TotalParkingDemand"":0,""jcb_FinalParkingSupply"":0,""jcb_ParkingFloorSpaceProvided"":0,""jcb_ParkingOnPlotAllocation"":0,""jcb_NoOfSurfaceParkingProvided"":0,""jcb_NoOfBasementsParkingProvide"":0,""jcb_BasementParkingArea"":0,""jcb_NoOfCPBasementLevels"":0,""jcb_AllowableParkingTypology"":""No Parking"",""jcb_PCP_Shared_Allocated"":""-"",""jcb_CarParkName"":""NA"",""jcb_NoOfCPBays"":""NA"",""jcb_PotableWaterDemand"":0.42,""jcb_SewageLoad"":0.357,""jcb_IrrigationDemand"":0,""jcb_TotalPowerDemand"":356.62260881520007,""jcb_WasteLoad"":0,""jcb_SNGasDemand"":0,""Shape_Length"":184.81822594734527,""Shape_Area"":2177.18320406576}}]}",#33FF83,5.0
3183cef5-e91e-4147-98b7-d4247fa31f0c,"{""type"":""FeatureCollection"",""features"":[{""type"":""Feature"",""id"":179,""geometry"":{""type"":""Polygon"",""coordinates"":[[[661063.6725000003,2737027.9814999998],[661063.0736999996,2737028.022500001],[661062.3614999996,2737028.0713],[661061.6494000005,2737028.119999999],[661060.9764,2737028.166099999],[661057.8903000001,2737028.4432999995],[661057.5,2737024.3227999993],[661057.3057000004,2737022.2709999997],[661057.2680000002,2737021.8720999993],[661059.7194999997,2737021.6731000002],[661063.0497000003,2737021.4026999995],[661063.6725000003,2737027.9814999998]]]},""properties"":{""OBJECTID"":179,""jcb_Plot_Status"":""Active Plot"",""jcb_Heritage_Element"":""N/A"",""jcb_District"":""G1"",""jcb_District_Name"":""G1 - Gateway"",""Plot_Amalgamation_Type"":""A"",""jcb_Superplot_No"":""-"",""jcb_Plot_No"":""G1-PU-04"",""jcb_Plot_No_LU2"":""G1-PU1-04"",""jcb_OldPlot_No"":""G1-PU-04"",""jcb_Landuse1Prefix"":""PU"",""jcb_LU1Code"":14000,""jcb_LanduseLevel1"":""Public Utilities"",""jcb_Landuse2Prefix"":""PU1"",""jcb_LU2Code"":14001,""jcb_LanduseLevel2"":""Power"",""jcb_LanduseLevel3"":""Distribution Substation"",""jcb_PlotAreaSqMt"":38.21762562469133,""jcb_FAR"":0,""jcb_GFA"":0,""jcb_Min_Coverage"":0,""jcb_Max_Coverage"":0,""jcb_BlgFootprintArea"":0,""jcb_MaxNumOfFloors"":0,""jcb_MaxPermissibleHeight"":""12"",""jcb_Min_Build_to_Edge"":0,""jcb_Architectural_Character"":null,""jcb_BUAExcludingParking"":0,""jcb_BUAOnlyParking"":0,""jcb_BasementAllowance"":""No"",""jcb_BasementNumber"":0,""jcb_GFATownhouses"":0,""jcb_GFAVillas"":0,""jcb_GFAApartment"":0,""GFA_Housing_Complex"":0,""jcb_TotalGFAResidential"":0,""jcb_TotalUnitsResidential"":0,""jcb_ResiTownHouse2Bed"":0,""jcb_ResiTownHouse3Bed"":0,""jcb_ResiTownHouse4Bed"":0,""jcb_ResiTownHouse5Bed"":0,""jcb_ResiVilla3Bed"":0,""jcb_ResiVilla4Bed"":0,""jcb_ResiVilla5Bed"":0,""jcb_ResiVilla6Bed"":0,""jcb_ResiApartmentStudio"":0,""jcb_ResiApartment1Bed"":0,""jcb_ResiApartment2Bed"":0,""jcb_ResiApartment3Bed"":0,""jcb_ResiApartment4Bed"":0,""jcb_GFARetail"":0,""jcb_GFAFnB"":0,""jcb_GFARetail_Complex"":0,""jcb_GFAOffice"":0,""jcb_GFAGasStation"":0,""jcb_GFAConferenceCentre"":0,""jcb_GFAArena"":0,""jcb_GFA_Events"":0,""jcb_GFASocialClub"":0,""jcb_GFA_MultiMedia"":0,""jcb_GFAHotel"":0,""jcb_GFAResort"":0,""jcb_GFAHSMBrandedApartment"":0,""jcb_GFATotalHSS"":0,""jcb_GFAServiced_Housing_Complex"":0,""jcb_TotalHospitalityKeys"":0,""jcb_TotalUnitsHSM"":0,""jcb_HSMBAStudio"":0,""jcb_HSMBA1Bed"":0,""jcb_HSMBA2Bed"":0,""jcb_HSMBA3Bed"":0,""jcb_HSMBA4Bed"":0,""jcb_TotalUnitsHSS"":0,""jcb_HSSVL4Bed"":0,""jcb_HSSVL5Bed"":0,""jcb_HSSVL6Bed"":0,""jcb_GFAMuseums"":0,""jcb_GFACulturalFacilities"":0,""jcb_GFASportsFacility"":0,""jcb_GFAParksNOpenSpace"":0,""jcb_GFAGovernmentFacility"":0,""jcb_GFATrafficPoliceStation"":0,""jcb_GFACivilDefence"":0,""jcb_GFAPostOffice"":0,""jcb_GFAPoliceStation"":0,""jcb_GFAControlCentre"":0,""jcb_GFARedCrecentFacility"":0,""jcb_GFAKindergarten"":0,""jcb_GFASchools"":0,""jcb_GFAHospital"":0,""jcb_GFAGovernmentHospital"":0,""jcb_GFAClinic"":0,""jcb_GFAJummaMosque"":0,""jcb_GFALocalMosque"":0,""jcb_GFAPrayerRoom"":0,""jcb_TotalPopulationResidential"":0,""jcb_TotalPopulationWorkers"":0,""jcb_TotalPopulationHotelGuests"":0,""jcb_TotalPopulationStudents"":0,""jcb_TotaPopulationVisitors"":0,""jcb_TotaPopulationOthers"":0,""jcb_TotalParkingDemand"":0,""jcb_FinalParkingSupply"":0,""jcb_ParkingFloorSpaceProvided"":0,""jcb_ParkingOnPlotAllocation"":0,""jcb_NoOfSurfaceParkingProvided"":0,""jcb_NoOfBasementsParkingProvide"":0,""jcb_BasementParkingArea"":0,""jcb_NoOfCPBasementLevels"":0,""jcb_AllowableParkingTypology"":""No Parking"",""jcb_PCP_Shared_Allocated"":""-"",""jcb_CarParkName"":""NA"",""jcb_NoOfCPBays"":""NA"",""jcb_PotableWaterDemand"":0,""jcb_SewageLoad"":0,""jcb_IrrigationDemand"":0,""jcb_TotalPowerDemand"":6.260047138800002,""jcb_WasteLoad"":0,""jcb_SNGasDemand"":0,""Shape_Length"":24.810474265900858,""Shape_Area"":38.21762562469133}}]}",#83FF33,5.5
cb9f0927-928c-42d7-9820-8fb3ba169809,"{""type"":""FeatureCollection"",""features"":[{""type"":""Feature"",""id"":180,""geometry"":{""type"":""Polygon"",""coordinates"":[[[661057.8903000001,2737028.4432999995],[661055.1107000001,2737028.693],[661049.2575000003,2737029.3444],[661043.4194,2737030.119999999],[661037.5991000002,2737031.0194000006],[661031.7993000001,2737032.042300001],[661026.8861999996,2737032.9704],[661011.7199999997,2737035.8362000007],[661002.4359999998,2736986.7057000007],[661017.6023000004,2736983.8398],[661022.5153999999,2736982.911699999],[661029.0306000002,2736981.7576],[661035.5676999995,2736980.7355000004],[661042.1243000003,2736979.8457999993],[661048.6974,2736979.0888],[661053.1754999999,2736978.6646999996],[661055.2845999999,2736978.4649],[661061.8828999996,2736977.974300001],[661068.4899000004,2736977.6173],[661073.7021000003,2736982.8792000003],[661071.6913000001,2737020.5188999996],[661071.5565,2737023.039000001],[661066.8520999998,2737027.7639000006],[661065.7116,2737027.842],[661064.9628999997,2737027.8932000007],[661063.6725000003,2737027.9814999998],[661063.0497000003,2737021.4026999995],[661059.7194999997,2737021.6731000002],[661057.2680000002,2737021.8720999993],[661057.3057000004,2737022.2709999997],[661057.5,2737024.3227999993],[661057.8903000001,2737028.4432999995]]]},""properties"":{""OBJECTID"":180,""jcb_Plot_Status"":""Active Plot"",""jcb_Heritage_Element"":""N/A"",""jcb_District"":""G1"",""jcb_District_Name"":""G1 - Gateway"",""Plot_Amalgamation_Type"":""A"",""jcb_Superplot_No"":""-"",""jcb_Plot_No"":""G1-MU-05"",""jcb_Plot_No_LU2"":""G1-MUO-03"",""jcb_OldPlot_No"":""G1-MUO-03"",""jcb_Landuse1Prefix"":""MU"",""jcb_LU1Code"":4000,""jcb_LanduseLevel1"":""Mixed Use"",""jcb_Landuse2Prefix"":""MUO"",""jcb_LU2Code"":4003,""jcb_LanduseLevel2"":""Mixed Use Office"",""jcb_LanduseLevel3"":""-"",""jcb_PlotAreaSqMt"":3249.127902528825,""jcb_FAR"":0.6044698942711951,""jcb_GFA"":1964,""jcb_Min_Coverage"":0,""jcb_Max_Coverage"":0.7,""jcb_BlgFootprintArea"":2274.3895321,""jcb_MaxNumOfFloors"":0.8635284203874216,""jcb_MaxPermissibleHeight"":""20.5"",""jcb_Min_Build_to_Edge"":0.5,""jcb_Architectural_Character"":null,""jcb_BUAExcludingParking"":2160.4,""jcb_BUAOnlyParking"":1666.98,""jcb_BasementAllowance"":""Yes"",""jcb_BasementNumber"":1,""jcb_GFATownhouses"":0,""jcb_GFAVillas"":0,""jcb_GFAApartment"":0,""GFA_Housing_Complex"":0,""jcb_TotalGFAResidential"":0,""jcb_TotalUnitsResidential"":0,""jcb_ResiTownHouse2Bed"":0,""jcb_ResiTownHouse3Bed"":0,""jcb_ResiTownHouse4Bed"":0,""jcb_ResiTownHouse5Bed"":0,""jcb_ResiVilla3Bed"":0,""jcb_ResiVilla4Bed"":0,""jcb_ResiVilla5Bed"":0,""jcb_ResiVilla6Bed"":0,""jcb_ResiApartmentStudio"":0,""jcb_ResiApartment1Bed"":0,""jcb_ResiApartment2Bed"":0,""jcb_ResiApartment3Bed"":0,""jcb_ResiApartment4Bed"":0,""jcb_GFARetail"":102.128,""jcb_GFAFnB"":45.172,""jcb_GFARetail_Complex"":0,""jcb_GFAOffice"":1816.7,""jcb_GFAGasStation"":0,""jcb_GFAConferenceCentre"":0,""jcb_GFAArena"":0,""jcb_GFA_Events"":0,""jcb_GFASocialClub"":0,""jcb_GFA_MultiMedia"":0,""jcb_GFAHotel"":0,""jcb_GFAResort"":0,""jcb_GFAHSMBrandedApartment"":0,""jcb_GFATotalHSS"":0,""jcb_GFAServiced_Housing_Complex"":0,""jcb_TotalHospitalityKeys"":0,""jcb_TotalUnitsHSM"":0,""jcb_HSMBAStudio"":0,""jcb_HSMBA1Bed"":0,""jcb_HSMBA2Bed"":0,""jcb_HSMBA3Bed"":0,""jcb_HSMBA4Bed"":0,""jcb_TotalUnitsHSS"":0,""jcb_HSSVL4Bed"":0,""jcb_HSSVL5Bed"":0,""jcb_HSSVL6Bed"":0,""jcb_GFAMuseums"":0,""jcb_GFACulturalFacilities"":0,""jcb_GFASportsFacility"":0,""jcb_GFAParksNOpenSpace"":0,""jcb_GFAGovernmentFacility"":0,""jcb_GFATrafficPoliceStation"":0,""jcb_GFACivilDefence"":0,""jcb_GFAPostOffice"":0,""jcb_GFAPoliceStation"":0,""jcb_GFAControlCentre"":0,""jcb_GFARedCrecentFacility"":0,""jcb_GFAKindergarten"":0,""jcb_GFASchools"":0,""jcb_GFAHospital"":0,""jcb_GFAGovernmentHospital"":0,""jcb_GFAClinic"":0,""jcb_GFAJummaMosque"":0,""jcb_GFALocalMosque"":0,""jcb_GFAPrayerRoom"":0,""jcb_TotalPopulationResidential"":0,""jcb_TotalPopulationWorkers"":93.781,""jcb_TotalPopulationHotelGuests"":0,""jcb_TotalPopulationStudents"":0,""jcb_TotaPopulationVisitors"":0,""jcb_TotaPopulationOthers"":8.76435,""jcb_TotalParkingDemand"":39.69,""jcb_FinalParkingSupply"":0,""jcb_ParkingFloorSpaceProvided"":0,""jcb_ParkingOnPlotAllocation"":39.69,""jcb_NoOfSurfaceParkingProvided"":0,""jcb_NoOfBasementsParkingProvide"":39.69,""jcb_BasementParkingArea"":1666.98,""jcb_NoOfCPBasementLevels"":1,""jcb_AllowableParkingTypology"":""Basement"",""jcb_PCP_Shared_Allocated"":""-"",""jcb_CarParkName"":""NA"",""jcb_NoOfCPBays"":""NA"",""jcb_PotableWaterDemand"":7.120000000000001,""jcb_SewageLoad"":6.052,""jcb_IrrigationDemand"":4.38632266905,""jcb_TotalPowerDemand"":453.15375000000006,""jcb_WasteLoad"":235.67999999999998,""jcb_SNGasDemand"":0,""Shape_Length"":240.02127254932876,""Shape_Area"":3249.127902528825}}]}",#3357FF,6.0
9d2c4261-3ed9-4546-b1ca-e29d702b2180,"{""type"":""FeatureCollection"",""features"":[{""type"":""Feature"",""id"":262,""geometry"":{""type"":""Polygon"",""coordinates"":[[[661111.6672,2737048.922700001],[661112.8583000004,2737051.0623000003],[661113.1065999996,2737051.508300001],[661115.6250999998,2737056.032400001],[661083.5076000001,2737123.8058],[661020.2511,2737093.8288000003],[661022.3923000004,2737089.3104999997],[661066.2538000001,2737110.0963000003],[661085.5247999998,2737069.431399999],[661044.8598999996,2737050.1604999993],[661056.8805,2737048.6159000006],[661070.5637999997,2737047.5955999997],[661084.2819999997,2737047.306399999],[661097.9961999999,2737047.7491999995],[661100.5597999999,2737047.9693],[661101.2163000004,2737048.0255999994],[661101.7038000003,2737048.067399999],[661100.8486000001,2737058.0308],[661110.8119999999,2737058.8861],[661111.6672,2737048.922700001]]]},""properties"":{""OBJECTID"":262,""jcb_Plot_Status"":""Active Plot"",""jcb_Heritage_Element"":""N/A"",""jcb_District"":""G1"",""jcb_District_Name"":""G1 - Gateway"",""Plot_Amalgamation_Type"":""A"",""jcb_Superplot_No"":""-"",""jcb_Plot_No"":""G1-PU-06"",""jcb_Plot_No_LU2"":""G1-PU1-05"",""jcb_OldPlot_No"":""-"",""jcb_Landuse1Prefix"":""PU"",""jcb_LU1Code"":14000,""jcb_LanduseLevel1"":""Public Utilities"",""jcb_Landuse2Prefix"":""PU1"",""jcb_LU2Code"":14001,""jcb_LanduseLevel2"":""Power"",""jcb_LanduseLevel3"":""Open Space Buffer for Utilities"",""jcb_PlotAreaSqMt"":2380.754348523419,""jcb_FAR"":0,""jcb_GFA"":0,""jcb_Min_Coverage"":0,""jcb_Max_Coverage"":0,""jcb_BlgFootprintArea"":0,""jcb_MaxNumOfFloors"":0,""jcb_MaxPermissibleHeight"":""0"",""jcb_Min_Build_to_Edge"":0,""jcb_Architectural_Character"":null,""jcb_BUAExcludingParking"":0,""jcb_BUAOnlyParking"":0,""jcb_BasementAllowance"":""No"",""jcb_BasementNumber"":0,""jcb_GFATownhouses"":0,""jcb_GFAVillas"":0,""jcb_GFAApartment"":0,""GFA_Housing_Complex"":0,""jcb_TotalGFAResidential"":0,""jcb_TotalUnitsResidential"":0,""jcb_ResiTownHouse2Bed"":0,""jcb_ResiTownHouse3Bed"":0,""jcb_ResiTownHouse4Bed"":0,""jcb_ResiTownHouse5Bed"":0,""jcb_ResiVilla3Bed"":0,""jcb_ResiVilla4Bed"":0,""jcb_ResiVilla5Bed"":0,""jcb_ResiVilla6Bed"":0,""jcb_ResiApartmentStudio"":0,""jcb_ResiApartment1Bed"":0,""jcb_ResiApartment2Bed"":0,""jcb_ResiApartment3Bed"":0,""jcb_ResiApartment4Bed"":0,""jcb_GFARetail"":0,""jcb_GFAFnB"":0,""jcb_GFARetail_Complex"":0,""jcb_GFAOffice"":0,""jcb_GFAGasStation"":0,""jcb_GFAConferenceCentre"":0,""jcb_GFAArena"":0,""jcb_GFA_Events"":0,""jcb_GFASocialClub"":0,""jcb_GFA_MultiMedia"":0,""jcb_GFAHotel"":0,""jcb_GFAResort"":0,""jcb_GFAHSMBrandedApartment"":0,""jcb_GFATotalHSS"":0,""jcb_GFAServiced_Housing_Complex"":0,""jcb_TotalHospitalityKeys"":0,""jcb_TotalUnitsHSM"":0,""jcb_HSMBAStudio"":0,""jcb_HSMBA1Bed"":0,""jcb_HSMBA2Bed"":0,""jcb_HSMBA3Bed"":0,""jcb_HSMBA4Bed"":0,""jcb_TotalUnitsHSS"":0,""jcb_HSSVL4Bed"":0,""jcb_HSSVL5Bed"":0,""jcb_HSSVL6Bed"":0,""jcb_GFAMuseums"":0,""jcb_GFACulturalFacilities"":0,""jcb_GFASportsFacility"":0,""jcb_GFAParksNOpenSpace"":0,""jcb_GFAGovernmentFacility"":0,""jcb_GFATrafficPoliceStation"":0,""jcb_GFACivilDefence"":0,""jcb_GFAPostOffice"":0,""jcb_GFAPoliceStation"":0,""jcb_GFAControlCentre"":0,""jcb_GFARedCrecentFacility"":0,""jcb_GFAKindergarten"":0,""jcb_GFASchools"":0,""jcb_GFAHospital"":0,""jcb_GFAGovernmentHospital"":0,""jcb_GFAClinic"":0,""jcb_GFAJummaMosque"":0,""jcb_GFALocalMosque"":0,""jcb_GFAPrayerRoom"":0,""jcb_TotalPopulationResidential"":0,""jcb_TotalPopulationWorkers"":0,""jcb_TotalPopulationHotelGuests"":0,""jcb_TotalPopulationStudents"":0,""jcb_TotaPopulationVisitors"":0,""jcb_TotaPopulationOthers"":0,""jcb_TotalParkingDemand"":0,""jcb_FinalParkingSupply"":0,""jcb_ParkingFloorSpaceProvided"":0,""jcb_ParkingOnPlotAllocation"":0,""jcb_NoOfSurfaceParkingProvided"":0,""jcb_NoOfBasementsParkingProvide"":0,""jcb_BasementParkingArea"":0,""jcb_NoOfCPBasementLevels"":0,""jcb_AllowableParkingTypology"":""No Parking"",""jcb_PCP_Shared_Allocated"":""-"",""jcb_CarParkName"":""NA"",""jcb_NoOfCPBays"":""NA"",""jcb_PotableWaterDemand"":1.0713394570499999,""jcb_SewageLoad"":0.9106385384924999,""jcb_IrrigationDemand"":28.569052188,""jcb_TotalPowerDemand"":389.96756236619996,""jcb_WasteLoad"":0,""jcb_SNGasDemand"":0,""Shape_Length"":383.6777427556027,""Shape_Area"":2380.754348523419}}]}",#FF5733,6.5
a39111e8-01c1-4dca-addd-614664cac4a5,"{""type"":""FeatureCollection"",""features"":[{""type"":""Feature"",""id"":263,""geometry"":{""type"":""Polygon"",""coordinates"":[[[660656.6621000003,2737131.7119999994],[660657.7850000001,2737132.2441000007],[660994.0336999996,2737291.5911],[660995.3548999997,2737292.2172],[660997.6496000001,2737293.3047],[661000.0267000003,2737299.9641999993],[660998.5859000003,2737303.0045],[660997.1451000003,2737306.0448000003],[660959.3436000003,2737385.8123000003],[660624.5278000003,2737227.1443000007],[660607.176,2737218.9212999996],[660586.5499999998,2737209.1467000004],[660610.6709000003,2737176.496200001],[660621.8943999996,2737163.3040999994],[660642.8656000001,2737138.6545],[660644.0269999998,2737137.2894],[660647.7992000002,2737132.8554999996],[660655.5575000001,2737131.1885],[660656.6621000003,2737131.7119999994]]]},""properties"":{""OBJECTID"":263,""jcb_Plot_Status"":""Active Plot"",""jcb_Heritage_Element"":""N/A"",""jcb_District"":""G1"",""jcb_District_Name"":""G1 - Gateway"",""Plot_Amalgamation_Type"":""A"",""jcb_Superplot_No"":""-"",""jcb_Plot_No"":""G1-PU-01"",""jcb_Plot_No_LU2"":""G1-PU1-01"",""jcb_OldPlot_No"":""G1-PU-01"",""jcb_Landuse1Prefix"":""PU"",""jcb_LU1Code"":14000,""jcb_LanduseLevel1"":""Public Utilities"",""jcb_Landuse2Prefix"":""PU1"",""jcb_LU2Code"":14001,""jcb_LanduseLevel2"":""Power"",""jcb_LanduseLevel3"":""Primary Substation "",""jcb_PlotAreaSqMt"":40117.06565439463,""jcb_FAR"":0,""jcb_GFA"":0,""jcb_Min_Coverage"":0,""jcb_Max_Coverage"":0,""jcb_BlgFootprintArea"":0,""jcb_MaxNumOfFloors"":0,""jcb_MaxPermissibleHeight"":""12"",""jcb_Min_Build_to_Edge"":0,""jcb_Architectural_Character"":null,""jcb_BUAExcludingParking"":0,""jcb_BUAOnlyParking"":0,""jcb_BasementAllowance"":""No"",""jcb_BasementNumber"":0,""jcb_GFATownhouses"":0,""jcb_GFAVillas"":0,""jcb_GFAApartment"":0,""GFA_Housing_Complex"":0,""jcb_TotalGFAResidential"":0,""jcb_TotalUnitsResidential"":0,""jcb_ResiTownHouse2Bed"":0,""jcb_ResiTownHouse3Bed"":0,""jcb_ResiTownHouse4Bed"":0,""jcb_ResiTownHouse5Bed"":0,""jcb_ResiVilla3Bed"":0,""jcb_ResiVilla4Bed"":0,""jcb_ResiVilla5Bed"":0,""jcb_ResiVilla6Bed"":0,""jcb_ResiApartmentStudio"":0,""jcb_ResiApartment1Bed"":0,""jcb_ResiApartment2Bed"":0,""jcb_ResiApartment3Bed"":0,""jcb_ResiApartment4Bed"":0,""jcb_GFARetail"":0,""jcb_GFAFnB"":0,""jcb_GFARetail_Complex"":0,""jcb_GFAOffice"":0,""jcb_GFAGasStation"":0,""jcb_GFAConferenceCentre"":0,""jcb_GFAArena"":0,""jcb_GFA_Events"":0,""jcb_GFASocialClub"":0,""jcb_GFA_MultiMedia"":0,""jcb_GFAHotel"":0,""jcb_GFAResort"":0,""jcb_GFAHSMBrandedApartment"":0,""jcb_GFATotalHSS"":0,""jcb_GFAServiced_Housing_Complex"":0,""jcb_TotalHospitalityKeys"":0,""jcb_TotalUnitsHSM"":0,""jcb_HSMBAStudio"":0,""jcb_HSMBA1Bed"":0,""jcb_HSMBA2Bed"":0,""jcb_HSMBA3Bed"":0,""jcb_HSMBA4Bed"":0,""jcb_TotalUnitsHSS"":0,""jcb_HSSVL4Bed"":0,""jcb_HSSVL5Bed"":0,""jcb_HSSVL6Bed"":0,""jcb_GFAMuseums"":0,""jcb_GFACulturalFacilities"":0,""jcb_GFASportsFacility"":0,""jcb_GFAParksNOpenSpace"":0,""jcb_GFAGovernmentFacility"":0,""jcb_GFATrafficPoliceStation"":0,""jcb_GFACivilDefence"":0,""jcb_GFAPostOffice"":0,""jcb_GFAPoliceStation"":0,""jcb_GFAControlCentre"":0,""jcb_GFARedCrecentFacility"":0,""jcb_GFAKindergarten"":0,""jcb_GFASchools"":0,""jcb_GFAHospital"":0,""jcb_GFAGovernmentHospital"":0,""jcb_GFAClinic"":0,""jcb_GFAJummaMosque"":0,""jcb_GFALocalMosque"":0,""jcb_GFAPrayerRoom"":0,""jcb_TotalPopulationResidential"":0,""jcb_TotalPopulationWorkers"":0,""jcb_TotalPopulationHotelGuests"":0,""jcb_TotalPopulationStudents"":0,""jcb_TotaPopulationVisitors"":0,""jcb_TotaPopulationOthers"":0,""jcb_TotalParkingDemand"":0,""jcb_FinalParkingSupply"":0,""jcb_ParkingFloorSpaceProvided"":0,""jcb_ParkingOnPlotAllocation"":0,""jcb_NoOfSurfaceParkingProvided"":0,""jcb_NoOfBasementsParkingProvide"":0,""jcb_BasementParkingArea"":0,""jcb_NoOfCPBasementLevels"":0,""jcb_AllowableParkingTypology"":""No Parking"",""jcb_PCP_Shared_Allocated"":""-"",""jcb_CarParkName"":""NA"",""jcb_NoOfCPBays"":""NA"",""jcb_PotableWaterDemand"":0,""jcb_SewageLoad"":0,""jcb_IrrigationDemand"":0,""jcb_TotalPowerDemand"":6571.175354125201,""jcb_WasteLoad"":0,""jcb_SNGasDemand"":0,""Shape_Length"":998.9952529394724,""Shape_Area"":40117.06565439463}}]}",#33FF57,7.0
6ee88355-63ff-4b38-8e7d-4e3cfd95b965,"{""type"":""FeatureCollection"",""features"":[{""type"":""Feature"",""id"":545,""geometry"":{""type"":""Polygon"",""coordinates"":[[[661111.6672,2737048.922700001],[661110.8119999999,2737058.8861],[661100.8486000001,2737058.0308],[661101.7038000003,2737048.067399999],[661111.6672,2737048.922700001]]]},""properties"":{""OBJECTID"":545,""jcb_Plot_Status"":""Active Plot"",""jcb_Heritage_Element"":""N/A"",""jcb_District"":""G1"",""jcb_District_Name"":""G1 - Gateway"",""Plot_Amalgamation_Type"":""A"",""jcb_Superplot_No"":""-"",""jcb_Plot_No"":""G1-PU-05"",""jcb_Plot_No_LU2"":""G1-PU5-01"",""jcb_OldPlot_No"":""-"",""jcb_Landuse1Prefix"":""PU"",""jcb_LU1Code"":14000,""jcb_LanduseLevel1"":""Public Utilities"",""jcb_Landuse2Prefix"":""PU5"",""jcb_LU2Code"":14005,""jcb_LanduseLevel2"":""Telecom"",""jcb_LanduseLevel3"":""GSM tower"",""jcb_PlotAreaSqMt"":100.00079211635102,""jcb_FAR"":0,""jcb_GFA"":0,""jcb_Min_Coverage"":0,""jcb_Max_Coverage"":0,""jcb_BlgFootprintArea"":0,""jcb_MaxNumOfFloors"":0,""jcb_MaxPermissibleHeight"":""0"",""jcb_Min_Build_to_Edge"":0,""jcb_Architectural_Character"":null,""jcb_BUAExcludingParking"":0,""jcb_BUAOnlyParking"":0,""jcb_BasementAllowance"":""No"",""jcb_BasementNumber"":0,""jcb_GFATownhouses"":0,""jcb_GFAVillas"":0,""jcb_GFAApartment"":0,""GFA_Housing_Complex"":0,""jcb_TotalGFAResidential"":0,""jcb_TotalUnitsResidential"":0,""jcb_ResiTownHouse2Bed"":0,""jcb_ResiTownHouse3Bed"":0,""jcb_ResiTownHouse4Bed"":0,""jcb_ResiTownHouse5Bed"":0,""jcb_ResiVilla3Bed"":0,""jcb_ResiVilla4Bed"":0,""jcb_ResiVilla5Bed"":0,""jcb_ResiVilla6Bed"":0,""jcb_ResiApartmentStudio"":0,""jcb_ResiApartment1Bed"":0,""jcb_ResiApartment2Bed"":0,""jcb_ResiApartment3Bed"":0,""jcb_ResiApartment4Bed"":0,""jcb_GFARetail"":0,""jcb_GFAFnB"":0,""jcb_GFARetail_Complex"":0,""jcb_GFAOffice"":0,""jcb_GFAGasStation"":0,""jcb_GFAConferenceCentre"":0,""jcb_GFAArena"":0,""jcb_GFA_Events"":0,""jcb_GFASocialClub"":0,""jcb_GFA_MultiMedia"":0,""jcb_GFAHotel"":0,""jcb_GFAResort"":0,""jcb_GFAHSMBrandedApartment"":0,""jcb_GFATotalHSS"":0,""jcb_GFAServiced_Housing_Complex"":0,""jcb_TotalHospitalityKeys"":0,""jcb_TotalUnitsHSM"":0,""jcb_HSMBAStudio"":0,""jcb_HSMBA1Bed"":0,""jcb_HSMBA2Bed"":0,""jcb_HSMBA3Bed"":0,""jcb_HSMBA4Bed"":0,""jcb_TotalUnitsHSS"":0,""jcb_HSSVL4Bed"":0,""jcb_HSSVL5Bed"":0,""jcb_HSSVL6Bed"":0,""jcb_GFAMuseums"":0,""jcb_GFACulturalFacilities"":0,""jcb_GFASportsFacility"":0,""jcb_GFAParksNOpenSpace"":0,""jcb_GFAGovernmentFacility"":0,""jcb_GFATrafficPoliceStation"":0,""jcb_GFACivilDefence"":0,""jcb_GFAPostOffice"":0,""jcb_GFAPoliceStation"":0,""jcb_GFAControlCentre"":0,""jcb_GFARedCrecentFacility"":0,""jcb_GFAKindergarten"":0,""jcb_GFASchools"":0,""jcb_GFAHospital"":0,""jcb_GFAGovernmentHospital"":0,""jcb_GFAClinic"":0,""jcb_GFAJummaMosque"":0,""jcb_GFALocalMosque"":0,""jcb_GFAPrayerRoom"":0,""jcb_TotalPopulationResidential"":0,""jcb_TotalPopulationWorkers"":0,""jcb_TotalPopulationHotelGuests"":0,""jcb_TotalPopulationStudents"":0,""jcb_TotaPopulationVisitors"":0,""jcb_TotaPopulationOthers"":0,""jcb_TotalParkingDemand"":0,""jcb_FinalParkingSupply"":0,""jcb_ParkingFloorSpaceProvided"":0,""jcb_ParkingOnPlotAllocation"":0,""jcb_NoOfSurfaceParkingProvided"":0,""jcb_NoOfBasementsParkingProvide"":0,""jcb_BasementParkingArea"":0,""jcb_NoOfCPBasementLevels"":0,""jcb_AllowableParkingTypology"":""No Parking"",""jcb_PCP_Shared_Allocated"":""-"",""jcb_CarParkName"":""NA"",""jcb_NoOfCPBays"":""NA"",""jcb_PotableWaterDemand"":0.42,""jcb_SewageLoad"":0.357,""jcb_IrrigationDemand"":0,""jcb_TotalPowerDemand"":5.0400399168000005,""jcb_WasteLoad"":0,""jcb_SNGasDemand"":0,""Shape_Length"":40.00015842395284,""Shape_Area"":100.00079211635102}}]}",#FF33F5,7.5
